{"cameraMode":{"drawMode":0,"name":"Shaded","section":"Shading Mode"},"sceneLighting":true,"audioPlay":false,"sceneViewState":{"showFog":true,"showMaterialUpdate":true,"showSkybox":true,"showFlares":true,"showImageEffects":true,"showParticleSystems":true},"in2DMode":false,"pivot":{"x":9.18067741394043,"y":0.7324971556663513,"z":26.35332679748535},"rotation":{"x":-0.21752162277698518,"y":-0.01844480261206627,"z":0.004141434095799923,"w":-0.9758928418159485},"size":9.061193466186524,"orthographic":false}