{"cameraMode":{"drawMode":0,"name":"Shaded","section":"Shading Mode"},"sceneLighting":true,"audioPlay":false,"sceneViewState":{"showFog":true,"showMaterialUpdate":false,"showSkybox":false,"showFlares":true,"showImageEffects":true,"showParticleSystems":true},"in2DMode":false,"pivot":{"x":-0.09883928298950196,"y":2.4562501907348635,"z":-0.6341078281402588},"rotation":{"x":0.02668655291199684,"y":-0.008399879559874535,"z":-0.00022433220874518156,"w":-0.9996099472045898},"size":3.065276622772217,"orthographic":false}