{"cameraMode":{"drawMode":0,"name":"Shaded","section":"Shading Mode"},"sceneLighting":false,"audioPlay":false,"sceneViewState":{"showFog":true,"showMaterialUpdate":false,"showSkybox":false,"showFlares":true,"showImageEffects":true,"showParticleSystems":true},"in2DMode":false,"pivot":{"x":-0.21152615547180177,"y":0.643749475479126,"z":-0.35922765731811526},"rotation":{"x":-0.31401005387306216,"y":-0.046404879540205,"z":0.015368177555501461,"w":-0.9481610059738159},"size":3.415060043334961,"orthographic":false}