{"cameraMode":{"drawMode":0,"name":"Shaded","section":"Shading Mode"},"sceneLighting":false,"audioPlay":false,"sceneViewState":{"showFog":true,"showMaterialUpdate":false,"showSkybox":false,"showFlares":true,"showImageEffects":true,"showParticleSystems":true},"in2DMode":false,"pivot":{"x":-0.08231258392333985,"y":0.29697513580322268,"z":-0.132767915725708},"rotation":{"x":-0.31401005387306216,"y":-0.046404879540205,"z":0.015368177555501461,"w":-0.9481610059738159},"size":5.584173679351807,"orthographic":false}